{
  "model_name": "Qwen/Qwen2.5-3B",
  "num_samples": 1,
  "perplexities": [
    177.4538296909814
  ],
  "statistics": {
    "mean": 177.4538296909814,
    "median": 177.4538296909814,
    "min": 177.4538296909814,
    "max": 177.4538296909814,
    "num_valid": 1,
    "num_invalid": 0
  }
}